{"cameraMode":{"drawMode":0,"name":"Shaded","section":"Shading Mode"},"sceneLighting":true,"audioPlay":false,"sceneViewState":{"showFog":true,"showMaterialUpdate":false,"showSkybox":true,"showFlares":true,"showImageEffects":true,"showParticleSystems":true,"showVisualEffectGraphs":true,"m_FxEnabled":false},"in2DMode":false,"pivot":{"x":8.580142974853516,"y":-1.1283931732177735,"z":8.178192138671875},"rotation":{"x":0.20544186234474183,"y":-0.027887633070349695,"z":0.005856603849679232,"w":0.9782554507255554},"size":30.792226791381837,"orthographic":false}